image_id,Without_Mask,With_Mask
000001.jpg,img000001.jpg,img000001-with-mask.jpg
000002.jpg,img000002.jpg,img000002-with-mask.jpg
000003.jpg,img000003.jpg,
000004.jpg,img000004.jpg,
000005.jpg,img000005.jpg,img000005-with-mask.jpg
000006.jpg,img000006.jpg,img000006-with-mask.jpg
000007.jpg,img000007.jpg,img000007-with-mask.jpg
000008.jpg,img000008.jpg,img000008-with-mask.jpg
000009.jpg,img000009.jpg,img000009-with-mask.jpg
000010.jpg,img000010.jpg,img000010-with-mask.jpg
000011.jpg,img000011.jpg,img000011-with-mask.jpg
000012.jpg,img000012.jpg,img000012-with-mask.jpg
000013.jpg,img000013.jpg,img000013-with-mask.jpg
000014.jpg,img000014.jpg,img000014-with-mask.jpg
000015.jpg,img000015.jpg,img000015-with-mask.jpg
000016.jpg,img000016.jpg,img000016-with-mask.jpg
000017.jpg,img000017.jpg,img000017-with-mask.jpg
000018.jpg,img000018.jpg,img000018-with-mask.jpg
000019.jpg,img000019.jpg,img000019-with-mask.jpg
000020.jpg,img000020.jpg,img000020-with-mask.jpg
000021.jpg,img000021.jpg,img000021-with-mask.jpg
000022.jpg,img000022.jpg,img000022-with-mask.jpg
000023.jpg,img000023.jpg,img000023-with-mask.jpg
000024.jpg,img000024.jpg,img000024-with-mask.jpg
000025.jpg,img000025.jpg,img000025-with-mask.jpg
000026.jpg,img000026.jpg,img000026-with-mask.jpg
000027.jpg,img000027.jpg,img000027-with-mask.jpg
000028.jpg,img000028.jpg,img000028-with-mask.jpg
000029.jpg,img000029.jpg,img000029-with-mask.jpg
000030.jpg,img000030.jpg,img000030-with-mask.jpg
000031.jpg,img000031.jpg,img000031-with-mask.jpg
000032.jpg,img000032.jpg,img000032-with-mask.jpg
000033.jpg,img000033.jpg,img000033-with-mask.jpg
000034.jpg,img000034.jpg,img000034-with-mask.jpg
000035.jpg,img000035.jpg,img000035-with-mask.jpg
000036.jpg,img000036.jpg,
000037.jpg,img000037.jpg,img000037-with-mask.jpg
000038.jpg,img000038.jpg,img000038-with-mask.jpg
000039.jpg,img000039.jpg,img000039-with-mask.jpg
000040.jpg,img000040.jpg,img000040-with-mask.jpg
000041.jpg,img000041.jpg,img000041-with-mask.jpg
000042.jpg,img000042.jpg,img000042-with-mask.jpg
000043.jpg,img000043.jpg,img000043-with-mask.jpg
000044.jpg,img000044.jpg,img000044-with-mask.jpg
000045.jpg,img000045.jpg,img000045-with-mask.jpg
000046.jpg,img000046.jpg,img000046-with-mask.jpg
000047.jpg,img000047.jpg,img000047-with-mask.jpg
000048.jpg,img000048.jpg,img000048-with-mask.jpg
000049.jpg,img000049.jpg,img000049-with-mask.jpg
000050.jpg,img000050.jpg,img000050-with-mask.jpg
000051.jpg,img000051.jpg,img000051-with-mask.jpg
000052.jpg,img000052.jpg,img000052-with-mask.jpg
000053.jpg,img000053.jpg,img000053-with-mask.jpg
000054.jpg,img000054.jpg,img000054-with-mask.jpg
000055.jpg,img000055.jpg,img000055-with-mask.jpg
000056.jpg,img000056.jpg,img000056-with-mask.jpg
000057.jpg,img000057.jpg,img000057-with-mask.jpg
000058.jpg,img000058.jpg,img000058-with-mask.jpg
000059.jpg,img000059.jpg,img000059-with-mask.jpg
000060.jpg,img000060.jpg,img000060-with-mask.jpg
000061.jpg,img000061.jpg,img000061-with-mask.jpg
000062.jpg,img000062.jpg,img000062-with-mask.jpg
000063.jpg,img000063.jpg,img000063-with-mask.jpg
000064.jpg,img000064.jpg,img000064-with-mask.jpg
000065.jpg,img000065.jpg,img000065-with-mask.jpg
000066.jpg,img000066.jpg,img000066-with-mask.jpg
000067.jpg,img000067.jpg,
000068.jpg,img000068.jpg,img000068-with-mask.jpg
000069.jpg,img000069.jpg,img000069-with-mask.jpg
000070.jpg,img000070.jpg,img000070-with-mask.jpg
000071.jpg,img000071.jpg,img000071-with-mask.jpg
000072.jpg,img000072.jpg,img000072-with-mask.jpg
000073.jpg,img000073.jpg,img000073-with-mask.jpg
000074.jpg,img000074.jpg,img000074-with-mask.jpg
000075.jpg,img000075.jpg,img000075-with-mask.jpg
000076.jpg,img000076.jpg,img000076-with-mask.jpg
000077.jpg,img000077.jpg,img000077-with-mask.jpg
000078.jpg,img000078.jpg,img000078-with-mask.jpg
000079.jpg,img000079.jpg,img000079-with-mask.jpg
000080.jpg,img000080.jpg,img000080-with-mask.jpg
000081.jpg,img000081.jpg,img000081-with-mask.jpg
000082.jpg,img000082.jpg,img000082-with-mask.jpg
000083.jpg,img000083.jpg,img000083-with-mask.jpg
000084.jpg,img000084.jpg,img000084-with-mask.jpg
000085.jpg,img000085.jpg,img000085-with-mask.jpg
000086.jpg,img000086.jpg,img000086-with-mask.jpg
000087.jpg,img000087.jpg,img000087-with-mask.jpg
000088.jpg,img000088.jpg,img000088-with-mask.jpg
000089.jpg,img000089.jpg,img000089-with-mask.jpg
000090.jpg,img000090.jpg,img000090-with-mask.jpg
000091.jpg,img000091.jpg,img000091-with-mask.jpg
000092.jpg,img000092.jpg,img000092-with-mask.jpg
000093.jpg,img000093.jpg,img000093-with-mask.jpg
000094.jpg,img000094.jpg,img000094-with-mask.jpg
000095.jpg,img000095.jpg,img000095-with-mask.jpg
000096.jpg,img000096.jpg,img000096-with-mask.jpg
000097.jpg,img000097.jpg,img000097-with-mask.jpg
000098.jpg,img000098.jpg,img000098-with-mask.jpg
000099.jpg,img000099.jpg,img000099-with-mask.jpg
000100.jpg,img000100.jpg,img000100-with-mask.jpg
000101.jpg,img000101.jpg,img000101-with-mask.jpg
000102.jpg,img000102.jpg,img000102-with-mask.jpg
000103.jpg,img000103.jpg,img000103-with-mask.jpg
000104.jpg,img000104.jpg,img000104-with-mask.jpg
000105.jpg,img000105.jpg,img000105-with-mask.jpg
000106.jpg,img000106.jpg,img000106-with-mask.jpg
000107.jpg,img000107.jpg,img000107-with-mask.jpg
000108.jpg,img000108.jpg,img000108-with-mask.jpg
000109.jpg,img000109.jpg,img000109-with-mask.jpg
000110.jpg,img000110.jpg,img000110-with-mask.jpg
000111.jpg,img000111.jpg,img000111-with-mask.jpg
000112.jpg,img000112.jpg,img000112-with-mask.jpg
000113.jpg,img000113.jpg,img000113-with-mask.jpg
000114.jpg,img000114.jpg,img000114-with-mask.jpg
000115.jpg,img000115.jpg,img000115-with-mask.jpg
000116.jpg,img000116.jpg,img000116-with-mask.jpg
000117.jpg,img000117.jpg,img000117-with-mask.jpg
000118.jpg,img000118.jpg,img000118-with-mask.jpg
000119.jpg,img000119.jpg,img000119-with-mask.jpg
000120.jpg,img000120.jpg,
000121.jpg,img000121.jpg,img000121-with-mask.jpg
000122.jpg,img000122.jpg,img000122-with-mask.jpg
000123.jpg,img000123.jpg,img000123-with-mask.jpg
000124.jpg,img000124.jpg,img000124-with-mask.jpg
000125.jpg,img000125.jpg,img000125-with-mask.jpg
000126.jpg,img000126.jpg,img000126-with-mask.jpg
000127.jpg,img000127.jpg,img000127-with-mask.jpg
000128.jpg,img000128.jpg,img000128-with-mask.jpg
000129.jpg,img000129.jpg,img000129-with-mask.jpg
000130.jpg,img000130.jpg,img000130-with-mask.jpg
000131.jpg,img000131.jpg,img000131-with-mask.jpg
000132.jpg,img000132.jpg,img000132-with-mask.jpg
000133.jpg,img000133.jpg,img000133-with-mask.jpg
000134.jpg,img000134.jpg,img000134-with-mask.jpg
000135.jpg,img000135.jpg,img000135-with-mask.jpg
000136.jpg,img000136.jpg,img000136-with-mask.jpg
000137.jpg,img000137.jpg,
000138.jpg,img000138.jpg,
000139.jpg,img000139.jpg,img000139-with-mask.jpg
000140.jpg,img000140.jpg,img000140-with-mask.jpg
000141.jpg,img000141.jpg,img000141-with-mask.jpg
000142.jpg,img000142.jpg,img000142-with-mask.jpg
000143.jpg,img000143.jpg,img000143-with-mask.jpg
000144.jpg,img000144.jpg,img000144-with-mask.jpg
000145.jpg,img000145.jpg,img000145-with-mask.jpg
000146.jpg,img000146.jpg,img000146-with-mask.jpg
000147.jpg,img000147.jpg,img000147-with-mask.jpg
000148.jpg,img000148.jpg,img000148-with-mask.jpg
000149.jpg,img000149.jpg,
000150.jpg,img000150.jpg,
000151.jpg,img000151.jpg,img000151-with-mask.jpg
000152.jpg,img000152.jpg,img000152-with-mask.jpg
000153.jpg,img000153.jpg,img000153-with-mask.jpg
000154.jpg,img000154.jpg,
000155.jpg,img000155.jpg,img000155-with-mask.jpg
000156.jpg,img000156.jpg,img000156-with-mask.jpg
000157.jpg,img000157.jpg,img000157-with-mask.jpg
000158.jpg,img000158.jpg,img000158-with-mask.jpg
000159.jpg,img000159.jpg,
000160.jpg,img000160.jpg,img000160-with-mask.jpg
000161.jpg,img000161.jpg,img000161-with-mask.jpg
000162.jpg,img000162.jpg,img000162-with-mask.jpg
000163.jpg,img000163.jpg,img000163-with-mask.jpg
000164.jpg,img000164.jpg,img000164-with-mask.jpg
000165.jpg,img000165.jpg,img000165-with-mask.jpg
000166.jpg,img000166.jpg,
000167.jpg,img000167.jpg,
000168.jpg,img000168.jpg,img000168-with-mask.jpg
000169.jpg,img000169.jpg,img000169-with-mask.jpg
000170.jpg,img000170.jpg,img000170-with-mask.jpg
000171.jpg,img000171.jpg,img000171-with-mask.jpg
000172.jpg,img000172.jpg,img000172-with-mask.jpg
000173.jpg,img000173.jpg,img000173-with-mask.jpg
000174.jpg,img000174.jpg,img000174-with-mask.jpg
000175.jpg,img000175.jpg,img000175-with-mask.jpg
000176.jpg,img000176.jpg,img000176-with-mask.jpg
000177.jpg,img000177.jpg,img000177-with-mask.jpg
000178.jpg,img000178.jpg,img000178-with-mask.jpg
000179.jpg,img000179.jpg,img000179-with-mask.jpg
000180.jpg,img000180.jpg,img000180-with-mask.jpg
000181.jpg,img000181.jpg,img000181-with-mask.jpg
000182.jpg,img000182.jpg,img000182-with-mask.jpg
000183.jpg,img000183.jpg,img000183-with-mask.jpg
000184.jpg,img000184.jpg,img000184-with-mask.jpg
000185.jpg,img000185.jpg,img000185-with-mask.jpg
000186.jpg,img000186.jpg,img000186-with-mask.jpg
000187.jpg,img000187.jpg,img000187-with-mask.jpg
000188.jpg,img000188.jpg,img000188-with-mask.jpg
000189.jpg,img000189.jpg,img000189-with-mask.jpg
000190.jpg,img000190.jpg,img000190-with-mask.jpg
000191.jpg,img000191.jpg,img000191-with-mask.jpg
000192.jpg,img000192.jpg,img000192-with-mask.jpg
000193.jpg,img000193.jpg,img000193-with-mask.jpg
000194.jpg,img000194.jpg,img000194-with-mask.jpg
000195.jpg,img000195.jpg,img000195-with-mask.jpg
000196.jpg,img000196.jpg,img000196-with-mask.jpg
000197.jpg,img000197.jpg,img000197-with-mask.jpg
000198.jpg,img000198.jpg,img000198-with-mask.jpg
000199.jpg,img000199.jpg,
000200.jpg,img000200.jpg,img000200-with-mask.jpg
000201.jpg,img000201.jpg,img000201-with-mask.jpg
000202.jpg,img000202.jpg,img000202-with-mask.jpg
000203.jpg,img000203.jpg,img000203-with-mask.jpg
000204.jpg,img000204.jpg,img000204-with-mask.jpg
000205.jpg,img000205.jpg,img000205-with-mask.jpg
000206.jpg,img000206.jpg,img000206-with-mask.jpg
000207.jpg,img000207.jpg,img000207-with-mask.jpg
000208.jpg,img000208.jpg,img000208-with-mask.jpg
000209.jpg,img000209.jpg,img000209-with-mask.jpg
000210.jpg,img000210.jpg,img000210-with-mask.jpg
000211.jpg,img000211.jpg,img000211-with-mask.jpg
000212.jpg,img000212.jpg,img000212-with-mask.jpg
000213.jpg,img000213.jpg,img000213-with-mask.jpg
000214.jpg,img000214.jpg,img000214-with-mask.jpg
000215.jpg,img000215.jpg,img000215-with-mask.jpg
000216.jpg,img000216.jpg,img000216-with-mask.jpg
000217.jpg,img000217.jpg,img000217-with-mask.jpg
000218.jpg,img000218.jpg,img000218-with-mask.jpg
000219.jpg,img000219.jpg,img000219-with-mask.jpg
000220.jpg,img000220.jpg,
000221.jpg,img000221.jpg,img000221-with-mask.jpg
000222.jpg,img000222.jpg,img000222-with-mask.jpg
000223.jpg,img000223.jpg,img000223-with-mask.jpg
000224.jpg,img000224.jpg,
000225.jpg,img000225.jpg,img000225-with-mask.jpg
000226.jpg,img000226.jpg,img000226-with-mask.jpg
000227.jpg,img000227.jpg,img000227-with-mask.jpg
000228.jpg,img000228.jpg,img000228-with-mask.jpg
000229.jpg,img000229.jpg,img000229-with-mask.jpg
000230.jpg,img000230.jpg,img000230-with-mask.jpg
000231.jpg,img000231.jpg,img000231-with-mask.jpg
000232.jpg,img000232.jpg,img000232-with-mask.jpg
000233.jpg,img000233.jpg,img000233-with-mask.jpg
000234.jpg,img000234.jpg,img000234-with-mask.jpg
000235.jpg,img000235.jpg,img000235-with-mask.jpg
000236.jpg,img000236.jpg,img000236-with-mask.jpg
000237.jpg,img000237.jpg,img000237-with-mask.jpg
000238.jpg,img000238.jpg,img000238-with-mask.jpg
000239.jpg,img000239.jpg,img000239-with-mask.jpg
000240.jpg,img000240.jpg,
000241.jpg,img000241.jpg,img000241-with-mask.jpg
000242.jpg,img000242.jpg,img000242-with-mask.jpg
000243.jpg,img000243.jpg,img000243-with-mask.jpg
000244.jpg,img000244.jpg,img000244-with-mask.jpg
000245.jpg,img000245.jpg,img000245-with-mask.jpg
000246.jpg,img000246.jpg,img000246-with-mask.jpg
000247.jpg,img000247.jpg,img000247-with-mask.jpg
000248.jpg,img000248.jpg,img000248-with-mask.jpg
000249.jpg,img000249.jpg,img000249-with-mask.jpg
000250.jpg,img000250.jpg,img000250-with-mask.jpg
000251.jpg,img000251.jpg,img000251-with-mask.jpg
000252.jpg,img000252.jpg,img000252-with-mask.jpg
000253.jpg,img000253.jpg,img000253-with-mask.jpg
000254.jpg,img000254.jpg,img000254-with-mask.jpg
000255.jpg,img000255.jpg,img000255-with-mask.jpg
000256.jpg,img000256.jpg,img000256-with-mask.jpg
000257.jpg,img000257.jpg,img000257-with-mask.jpg
000258.jpg,img000258.jpg,img000258-with-mask.jpg
000259.jpg,img000259.jpg,img000259-with-mask.jpg
000260.jpg,img000260.jpg,img000260-with-mask.jpg
000261.jpg,img000261.jpg,img000261-with-mask.jpg
000262.jpg,img000262.jpg,img000262-with-mask.jpg
000263.jpg,img000263.jpg,img000263-with-mask.jpg
000264.jpg,img000264.jpg,img000264-with-mask.jpg
000265.jpg,img000265.jpg,img000265-with-mask.jpg
000266.jpg,img000266.jpg,img000266-with-mask.jpg
000267.jpg,img000267.jpg,img000267-with-mask.jpg
000268.jpg,img000268.jpg,img000268-with-mask.jpg
000269.jpg,img000269.jpg,img000269-with-mask.jpg
000270.jpg,img000270.jpg,img000270-with-mask.jpg
000271.jpg,img000271.jpg,img000271-with-mask.jpg
000272.jpg,img000272.jpg,img000272-with-mask.jpg
000273.jpg,img000273.jpg,img000273-with-mask.jpg
000274.jpg,img000274.jpg,img000274-with-mask.jpg
000275.jpg,img000275.jpg,img000275-with-mask.jpg
000276.jpg,img000276.jpg,img000276-with-mask.jpg
000277.jpg,img000277.jpg,img000277-with-mask.jpg
000278.jpg,img000278.jpg,img000278-with-mask.jpg
000279.jpg,img000279.jpg,img000279-with-mask.jpg
000280.jpg,img000280.jpg,img000280-with-mask.jpg
000281.jpg,img000281.jpg,img000281-with-mask.jpg
000282.jpg,img000282.jpg,img000282-with-mask.jpg
000283.jpg,img000283.jpg,img000283-with-mask.jpg
000284.jpg,img000284.jpg,img000284-with-mask.jpg
000285.jpg,img000285.jpg,img000285-with-mask.jpg
000286.jpg,img000286.jpg,img000286-with-mask.jpg
000287.jpg,img000287.jpg,img000287-with-mask.jpg
000288.jpg,img000288.jpg,img000288-with-mask.jpg
000289.jpg,img000289.jpg,img000289-with-mask.jpg
000290.jpg,img000290.jpg,img000290-with-mask.jpg
000291.jpg,img000291.jpg,img000291-with-mask.jpg
000292.jpg,img000292.jpg,img000292-with-mask.jpg
000293.jpg,img000293.jpg,
000294.jpg,img000294.jpg,img000294-with-mask.jpg
000295.jpg,img000295.jpg,img000295-with-mask.jpg
000296.jpg,img000296.jpg,img000296-with-mask.jpg
000297.jpg,img000297.jpg,img000297-with-mask.jpg
000298.jpg,img000298.jpg,img000298-with-mask.jpg
000299.jpg,img000299.jpg,img000299-with-mask.jpg
000300.jpg,img000300.jpg,img000300-with-mask.jpg
000301.jpg,img000301.jpg,img000301-with-mask.jpg
000302.jpg,img000302.jpg,img000302-with-mask.jpg
000303.jpg,img000303.jpg,img000303-with-mask.jpg
000304.jpg,img000304.jpg,img000304-with-mask.jpg
000305.jpg,img000305.jpg,img000305-with-mask.jpg
000306.jpg,img000306.jpg,img000306-with-mask.jpg
000307.jpg,img000307.jpg,img000307-with-mask.jpg
000308.jpg,img000308.jpg,img000308-with-mask.jpg
000309.jpg,img000309.jpg,img000309-with-mask.jpg
000310.jpg,img000310.jpg,img000310-with-mask.jpg
000311.jpg,img000311.jpg,img000311-with-mask.jpg
000312.jpg,img000312.jpg,img000312-with-mask.jpg
000313.jpg,img000313.jpg,img000313-with-mask.jpg
000314.jpg,img000314.jpg,img000314-with-mask.jpg
000315.jpg,img000315.jpg,img000315-with-mask.jpg
000316.jpg,img000316.jpg,img000316-with-mask.jpg
000317.jpg,img000317.jpg,img000317-with-mask.jpg
000318.jpg,img000318.jpg,img000318-with-mask.jpg
000319.jpg,img000319.jpg,img000319-with-mask.jpg
000320.jpg,img000320.jpg,img000320-with-mask.jpg
000321.jpg,img000321.jpg,img000321-with-mask.jpg
000322.jpg,img000322.jpg,img000322-with-mask.jpg
000323.jpg,img000323.jpg,img000323-with-mask.jpg
000324.jpg,img000324.jpg,img000324-with-mask.jpg
000325.jpg,img000325.jpg,img000325-with-mask.jpg
000326.jpg,img000326.jpg,img000326-with-mask.jpg
000327.jpg,img000327.jpg,img000327-with-mask.jpg
000328.jpg,img000328.jpg,img000328-with-mask.jpg
000329.jpg,img000329.jpg,img000329-with-mask.jpg
000330.jpg,img000330.jpg,img000330-with-mask.jpg
000331.jpg,img000331.jpg,
000332.jpg,img000332.jpg,img000332-with-mask.jpg
000333.jpg,img000333.jpg,img000333-with-mask.jpg
000334.jpg,img000334.jpg,img000334-with-mask.jpg
000335.jpg,img000335.jpg,img000335-with-mask.jpg
000336.jpg,img000336.jpg,img000336-with-mask.jpg
000337.jpg,img000337.jpg,img000337-with-mask.jpg
000338.jpg,img000338.jpg,img000338-with-mask.jpg
000339.jpg,img000339.jpg,img000339-with-mask.jpg
000340.jpg,img000340.jpg,img000340-with-mask.jpg
000341.jpg,img000341.jpg,img000341-with-mask.jpg
000342.jpg,img000342.jpg,img000342-with-mask.jpg
000343.jpg,img000343.jpg,img000343-with-mask.jpg
000344.jpg,img000344.jpg,img000344-with-mask.jpg
000345.jpg,img000345.jpg,img000345-with-mask.jpg
000346.jpg,img000346.jpg,img000346-with-mask.jpg
000347.jpg,img000347.jpg,img000347-with-mask.jpg
000348.jpg,img000348.jpg,img000348-with-mask.jpg
000349.jpg,img000349.jpg,img000349-with-mask.jpg
000350.jpg,img000350.jpg,img000350-with-mask.jpg
000351.jpg,img000351.jpg,img000351-with-mask.jpg
000352.jpg,img000352.jpg,img000352-with-mask.jpg
000353.jpg,img000353.jpg,img000353-with-mask.jpg
000354.jpg,img000354.jpg,img000354-with-mask.jpg
000355.jpg,img000355.jpg,img000355-with-mask.jpg
000356.jpg,img000356.jpg,img000356-with-mask.jpg
000357.jpg,img000357.jpg,img000357-with-mask.jpg
000358.jpg,img000358.jpg,img000358-with-mask.jpg
000359.jpg,img000359.jpg,img000359-with-mask.jpg
000360.jpg,img000360.jpg,img000360-with-mask.jpg
000361.jpg,img000361.jpg,img000361-with-mask.jpg
000362.jpg,img000362.jpg,img000362-with-mask.jpg
000363.jpg,img000363.jpg,img000363-with-mask.jpg
000364.jpg,img000364.jpg,img000364-with-mask.jpg
000365.jpg,img000365.jpg,img000365-with-mask.jpg
000366.jpg,img000366.jpg,
000367.jpg,img000367.jpg,img000367-with-mask.jpg
000368.jpg,img000368.jpg,img000368-with-mask.jpg
000369.jpg,img000369.jpg,img000369-with-mask.jpg
000370.jpg,img000370.jpg,img000370-with-mask.jpg
000371.jpg,img000371.jpg,img000371-with-mask.jpg
000372.jpg,img000372.jpg,img000372-with-mask.jpg
000373.jpg,img000373.jpg,img000373-with-mask.jpg
000374.jpg,img000374.jpg,img000374-with-mask.jpg
000375.jpg,img000375.jpg,img000375-with-mask.jpg
000376.jpg,img000376.jpg,img000376-with-mask.jpg
000377.jpg,img000377.jpg,img000377-with-mask.jpg
000378.jpg,img000378.jpg,img000378-with-mask.jpg
000379.jpg,img000379.jpg,img000379-with-mask.jpg
000380.jpg,img000380.jpg,img000380-with-mask.jpg
000381.jpg,img000381.jpg,img000381-with-mask.jpg
000382.jpg,img000382.jpg,img000382-with-mask.jpg
000383.jpg,img000383.jpg,img000383-with-mask.jpg
000384.jpg,img000384.jpg,img000384-with-mask.jpg
000385.jpg,img000385.jpg,img000385-with-mask.jpg
000386.jpg,img000386.jpg,img000386-with-mask.jpg
000387.jpg,img000387.jpg,img000387-with-mask.jpg
000388.jpg,img000388.jpg,img000388-with-mask.jpg
000389.jpg,img000389.jpg,img000389-with-mask.jpg
000390.jpg,img000390.jpg,img000390-with-mask.jpg
000391.jpg,img000391.jpg,img000391-with-mask.jpg
000392.jpg,img000392.jpg,img000392-with-mask.jpg
000393.jpg,img000393.jpg,img000393-with-mask.jpg
000394.jpg,img000394.jpg,img000394-with-mask.jpg
000395.jpg,img000395.jpg,img000395-with-mask.jpg
000396.jpg,img000396.jpg,img000396-with-mask.jpg
000397.jpg,img000397.jpg,img000397-with-mask.jpg
000398.jpg,img000398.jpg,img000398-with-mask.jpg
000399.jpg,img000399.jpg,img000399-with-mask.jpg
000400.jpg,img000400.jpg,img000400-with-mask.jpg
000401.jpg,img000401.jpg,img000401-with-mask.jpg
000402.jpg,img000402.jpg,img000402-with-mask.jpg
000403.jpg,img000403.jpg,img000403-with-mask.jpg
000404.jpg,img000404.jpg,img000404-with-mask.jpg
000405.jpg,img000405.jpg,img000405-with-mask.jpg
000406.jpg,img000406.jpg,img000406-with-mask.jpg
000407.jpg,img000407.jpg,img000407-with-mask.jpg
000408.jpg,img000408.jpg,img000408-with-mask.jpg
000409.jpg,img000409.jpg,img000409-with-mask.jpg
000410.jpg,img000410.jpg,img000410-with-mask.jpg
000411.jpg,img000411.jpg,img000411-with-mask.jpg
000412.jpg,img000412.jpg,img000412-with-mask.jpg
000413.jpg,img000413.jpg,img000413-with-mask.jpg
000414.jpg,img000414.jpg,img000414-with-mask.jpg
000415.jpg,img000415.jpg,img000415-with-mask.jpg
000416.jpg,img000416.jpg,img000416-with-mask.jpg
000417.jpg,img000417.jpg,
000418.jpg,img000418.jpg,img000418-with-mask.jpg
000419.jpg,img000419.jpg,img000419-with-mask.jpg
000420.jpg,img000420.jpg,img000420-with-mask.jpg
000421.jpg,img000421.jpg,img000421-with-mask.jpg
000422.jpg,img000422.jpg,img000422-with-mask.jpg
000423.jpg,img000423.jpg,img000423-with-mask.jpg
000424.jpg,img000424.jpg,img000424-with-mask.jpg
000425.jpg,img000425.jpg,img000425-with-mask.jpg
000426.jpg,img000426.jpg,
000427.jpg,img000427.jpg,img000427-with-mask.jpg
000428.jpg,img000428.jpg,img000428-with-mask.jpg
000429.jpg,img000429.jpg,img000429-with-mask.jpg
000430.jpg,img000430.jpg,img000430-with-mask.jpg
000431.jpg,img000431.jpg,img000431-with-mask.jpg
000432.jpg,img000432.jpg,img000432-with-mask.jpg
000433.jpg,img000433.jpg,img000433-with-mask.jpg
000434.jpg,img000434.jpg,
000435.jpg,img000435.jpg,img000435-with-mask.jpg
000436.jpg,img000436.jpg,img000436-with-mask.jpg
000437.jpg,img000437.jpg,img000437-with-mask.jpg
000438.jpg,img000438.jpg,img000438-with-mask.jpg
000439.jpg,img000439.jpg,img000439-with-mask.jpg
000440.jpg,img000440.jpg,img000440-with-mask.jpg
000441.jpg,img000441.jpg,img000441-with-mask.jpg
000442.jpg,img000442.jpg,img000442-with-mask.jpg
000443.jpg,img000443.jpg,img000443-with-mask.jpg
000444.jpg,img000444.jpg,img000444-with-mask.jpg
000445.jpg,img000445.jpg,img000445-with-mask.jpg
000446.jpg,img000446.jpg,img000446-with-mask.jpg
000447.jpg,img000447.jpg,img000447-with-mask.jpg
000448.jpg,img000448.jpg,img000448-with-mask.jpg
000449.jpg,img000449.jpg,img000449-with-mask.jpg
000450.jpg,img000450.jpg,img000450-with-mask.jpg
000451.jpg,img000451.jpg,img000451-with-mask.jpg
000452.jpg,img000452.jpg,img000452-with-mask.jpg
000453.jpg,img000453.jpg,
000454.jpg,img000454.jpg,img000454-with-mask.jpg
000455.jpg,img000455.jpg,img000455-with-mask.jpg
000456.jpg,img000456.jpg,img000456-with-mask.jpg
000457.jpg,img000457.jpg,img000457-with-mask.jpg
000458.jpg,img000458.jpg,img000458-with-mask.jpg
000459.jpg,img000459.jpg,img000459-with-mask.jpg
000460.jpg,img000460.jpg,img000460-with-mask.jpg
000461.jpg,img000461.jpg,img000461-with-mask.jpg
000462.jpg,img000462.jpg,img000462-with-mask.jpg
000463.jpg,img000463.jpg,img000463-with-mask.jpg
000464.jpg,img000464.jpg,img000464-with-mask.jpg
000465.jpg,img000465.jpg,img000465-with-mask.jpg
000466.jpg,img000466.jpg,img000466-with-mask.jpg
000467.jpg,img000467.jpg,img000467-with-mask.jpg
000468.jpg,img000468.jpg,img000468-with-mask.jpg
000469.jpg,img000469.jpg,img000469-with-mask.jpg
000470.jpg,img000470.jpg,img000470-with-mask.jpg
000471.jpg,img000471.jpg,img000471-with-mask.jpg
000472.jpg,img000472.jpg,img000472-with-mask.jpg
000473.jpg,img000473.jpg,img000473-with-mask.jpg
000474.jpg,img000474.jpg,img000474-with-mask.jpg
000475.jpg,img000475.jpg,img000475-with-mask.jpg
000476.jpg,img000476.jpg,img000476-with-mask.jpg
000477.jpg,img000477.jpg,img000477-with-mask.jpg
000478.jpg,img000478.jpg,img000478-with-mask.jpg
000479.jpg,img000479.jpg,img000479-with-mask.jpg
000480.jpg,img000480.jpg,img000480-with-mask.jpg
000481.jpg,img000481.jpg,img000481-with-mask.jpg
000482.jpg,img000482.jpg,img000482-with-mask.jpg
000483.jpg,img000483.jpg,img000483-with-mask.jpg
000484.jpg,img000484.jpg,img000484-with-mask.jpg
000485.jpg,img000485.jpg,img000485-with-mask.jpg
000486.jpg,img000486.jpg,img000486-with-mask.jpg
000487.jpg,img000487.jpg,img000487-with-mask.jpg
000488.jpg,img000488.jpg,img000488-with-mask.jpg
000489.jpg,img000489.jpg,img000489-with-mask.jpg
000490.jpg,img000490.jpg,img000490-with-mask.jpg
000491.jpg,img000491.jpg,img000491-with-mask.jpg
000492.jpg,img000492.jpg,img000492-with-mask.jpg
000493.jpg,img000493.jpg,img000493-with-mask.jpg
000494.jpg,img000494.jpg,img000494-with-mask.jpg
000495.jpg,img000495.jpg,img000495-with-mask.jpg
000496.jpg,img000496.jpg,img000496-with-mask.jpg
000497.jpg,img000497.jpg,img000497-with-mask.jpg
000498.jpg,img000498.jpg,img000498-with-mask.jpg
000499.jpg,img000499.jpg,img000499-with-mask.jpg
000500.jpg,img000500.jpg,img000500-with-mask.jpg
000501.jpg,img000501.jpg,img000501-with-mask.jpg
000502.jpg,img000502.jpg,img000502-with-mask.jpg
000503.jpg,img000503.jpg,img000503-with-mask.jpg
000504.jpg,img000504.jpg,img000504-with-mask.jpg
000505.jpg,img000505.jpg,img000505-with-mask.jpg
000506.jpg,img000506.jpg,img000506-with-mask.jpg
000507.jpg,img000507.jpg,img000507-with-mask.jpg
000508.jpg,img000508.jpg,img000508-with-mask.jpg
000509.jpg,img000509.jpg,img000509-with-mask.jpg
000510.jpg,img000510.jpg,img000510-with-mask.jpg
000511.jpg,img000511.jpg,img000511-with-mask.jpg
000512.jpg,img000512.jpg,img000512-with-mask.jpg
000513.jpg,img000513.jpg,img000513-with-mask.jpg
000514.jpg,img000514.jpg,img000514-with-mask.jpg
000515.jpg,img000515.jpg,img000515-with-mask.jpg
000516.jpg,img000516.jpg,img000516-with-mask.jpg
000517.jpg,img000517.jpg,img000517-with-mask.jpg
000518.jpg,img000518.jpg,img000518-with-mask.jpg
000519.jpg,img000519.jpg,img000519-with-mask.jpg
000520.jpg,img000520.jpg,img000520-with-mask.jpg
000521.jpg,img000521.jpg,img000521-with-mask.jpg
000522.jpg,img000522.jpg,img000522-with-mask.jpg
000523.jpg,img000523.jpg,img000523-with-mask.jpg
000524.jpg,img000524.jpg,img000524-with-mask.jpg
000525.jpg,img000525.jpg,img000525-with-mask.jpg
000526.jpg,img000526.jpg,img000526-with-mask.jpg
000527.jpg,img000527.jpg,img000527-with-mask.jpg
000528.jpg,img000528.jpg,img000528-with-mask.jpg
000529.jpg,img000529.jpg,img000529-with-mask.jpg
000530.jpg,img000530.jpg,img000530-with-mask.jpg
000531.jpg,img000531.jpg,img000531-with-mask.jpg
000532.jpg,img000532.jpg,img000532-with-mask.jpg
000533.jpg,img000533.jpg,img000533-with-mask.jpg
000534.jpg,img000534.jpg,img000534-with-mask.jpg
000535.jpg,img000535.jpg,img000535-with-mask.jpg
000536.jpg,img000536.jpg,img000536-with-mask.jpg
000537.jpg,img000537.jpg,img000537-with-mask.jpg
000538.jpg,img000538.jpg,img000538-with-mask.jpg
000539.jpg,img000539.jpg,img000539-with-mask.jpg
000540.jpg,img000540.jpg,img000540-with-mask.jpg
000541.jpg,img000541.jpg,img000541-with-mask.jpg
000542.jpg,img000542.jpg,img000542-with-mask.jpg
000543.jpg,img000543.jpg,img000543-with-mask.jpg
000544.jpg,img000544.jpg,img000544-with-mask.jpg
000545.jpg,img000545.jpg,img000545-with-mask.jpg
000546.jpg,img000546.jpg,img000546-with-mask.jpg
000547.jpg,img000547.jpg,img000547-with-mask.jpg
000548.jpg,img000548.jpg,img000548-with-mask.jpg
000549.jpg,img000549.jpg,img000549-with-mask.jpg
000550.jpg,img000550.jpg,img000550-with-mask.jpg
000551.jpg,img000551.jpg,img000551-with-mask.jpg
000552.jpg,img000552.jpg,img000552-with-mask.jpg
000553.jpg,img000553.jpg,img000553-with-mask.jpg
000554.jpg,img000554.jpg,img000554-with-mask.jpg
000555.jpg,img000555.jpg,img000555-with-mask.jpg
000556.jpg,img000556.jpg,img000556-with-mask.jpg
000557.jpg,img000557.jpg,
000558.jpg,img000558.jpg,img000558-with-mask.jpg
000559.jpg,img000559.jpg,img000559-with-mask.jpg
000560.jpg,img000560.jpg,img000560-with-mask.jpg
000561.jpg,img000561.jpg,img000561-with-mask.jpg
000562.jpg,img000562.jpg,img000562-with-mask.jpg
000563.jpg,img000563.jpg,img000563-with-mask.jpg
000564.jpg,img000564.jpg,img000564-with-mask.jpg
000565.jpg,img000565.jpg,img000565-with-mask.jpg
000566.jpg,img000566.jpg,img000566-with-mask.jpg
000567.jpg,img000567.jpg,img000567-with-mask.jpg
000568.jpg,img000568.jpg,img000568-with-mask.jpg
000569.jpg,img000569.jpg,img000569-with-mask.jpg
000570.jpg,img000570.jpg,img000570-with-mask.jpg
000571.jpg,img000571.jpg,img000571-with-mask.jpg
000572.jpg,img000572.jpg,img000572-with-mask.jpg
000573.jpg,img000573.jpg,
000574.jpg,img000574.jpg,img000574-with-mask.jpg
000575.jpg,img000575.jpg,img000575-with-mask.jpg
000576.jpg,img000576.jpg,img000576-with-mask.jpg
000577.jpg,img000577.jpg,img000577-with-mask.jpg
000578.jpg,img000578.jpg,img000578-with-mask.jpg
000579.jpg,img000579.jpg,img000579-with-mask.jpg
000580.jpg,img000580.jpg,img000580-with-mask.jpg
000581.jpg,img000581.jpg,
000582.jpg,img000582.jpg,img000582-with-mask.jpg
000583.jpg,img000583.jpg,img000583-with-mask.jpg
000584.jpg,img000584.jpg,img000584-with-mask.jpg
000585.jpg,img000585.jpg,img000585-with-mask.jpg
000586.jpg,img000586.jpg,img000586-with-mask.jpg
000587.jpg,img000587.jpg,img000587-with-mask.jpg
000588.jpg,img000588.jpg,img000588-with-mask.jpg
000589.jpg,img000589.jpg,img000589-with-mask.jpg
000590.jpg,img000590.jpg,img000590-with-mask.jpg
000591.jpg,img000591.jpg,img000591-with-mask.jpg
000592.jpg,img000592.jpg,img000592-with-mask.jpg
000593.jpg,img000593.jpg,img000593-with-mask.jpg
000594.jpg,img000594.jpg,img000594-with-mask.jpg
000595.jpg,img000595.jpg,img000595-with-mask.jpg
000596.jpg,img000596.jpg,img000596-with-mask.jpg
000597.jpg,img000597.jpg,img000597-with-mask.jpg
000598.jpg,img000598.jpg,img000598-with-mask.jpg
000599.jpg,img000599.jpg,img000599-with-mask.jpg
000600.jpg,img000600.jpg,img000600-with-mask.jpg
000601.jpg,img000601.jpg,img000601-with-mask.jpg
000602.jpg,img000602.jpg,img000602-with-mask.jpg
000603.jpg,img000603.jpg,
000604.jpg,img000604.jpg,img000604-with-mask.jpg
000605.jpg,img000605.jpg,img000605-with-mask.jpg
000606.jpg,img000606.jpg,img000606-with-mask.jpg
000607.jpg,img000607.jpg,img000607-with-mask.jpg
000608.jpg,img000608.jpg,img000608-with-mask.jpg
000609.jpg,img000609.jpg,img000609-with-mask.jpg
000610.jpg,img000610.jpg,img000610-with-mask.jpg
000611.jpg,img000611.jpg,img000611-with-mask.jpg
000612.jpg,img000612.jpg,img000612-with-mask.jpg
000613.jpg,img000613.jpg,img000613-with-mask.jpg
000614.jpg,img000614.jpg,img000614-with-mask.jpg
000615.jpg,img000615.jpg,img000615-with-mask.jpg
000616.jpg,img000616.jpg,img000616-with-mask.jpg
000617.jpg,img000617.jpg,img000617-with-mask.jpg
000618.jpg,img000618.jpg,img000618-with-mask.jpg
000619.jpg,img000619.jpg,img000619-with-mask.jpg
000620.jpg,img000620.jpg,img000620-with-mask.jpg
000621.jpg,img000621.jpg,img000621-with-mask.jpg
000622.jpg,img000622.jpg,img000622-with-mask.jpg
000623.jpg,img000623.jpg,img000623-with-mask.jpg
000624.jpg,img000624.jpg,
000625.jpg,img000625.jpg,img000625-with-mask.jpg
000626.jpg,img000626.jpg,img000626-with-mask.jpg
000627.jpg,img000627.jpg,
000628.jpg,img000628.jpg,img000628-with-mask.jpg
000629.jpg,img000629.jpg,img000629-with-mask.jpg
000630.jpg,img000630.jpg,img000630-with-mask.jpg
000631.jpg,img000631.jpg,img000631-with-mask.jpg
000632.jpg,img000632.jpg,img000632-with-mask.jpg
000633.jpg,img000633.jpg,img000633-with-mask.jpg
000634.jpg,img000634.jpg,img000634-with-mask.jpg
000635.jpg,img000635.jpg,img000635-with-mask.jpg
000636.jpg,img000636.jpg,img000636-with-mask.jpg
000637.jpg,img000637.jpg,img000637-with-mask.jpg
000638.jpg,img000638.jpg,img000638-with-mask.jpg
000639.jpg,img000639.jpg,img000639-with-mask.jpg
000640.jpg,img000640.jpg,img000640-with-mask.jpg
000641.jpg,img000641.jpg,img000641-with-mask.jpg
000642.jpg,img000642.jpg,img000642-with-mask.jpg
000643.jpg,img000643.jpg,img000643-with-mask.jpg
000644.jpg,img000644.jpg,img000644-with-mask.jpg
000645.jpg,img000645.jpg,img000645-with-mask.jpg
000646.jpg,img000646.jpg,img000646-with-mask.jpg
000647.jpg,img000647.jpg,img000647-with-mask.jpg
000648.jpg,img000648.jpg,img000648-with-mask.jpg
000649.jpg,img000649.jpg,img000649-with-mask.jpg
000650.jpg,img000650.jpg,img000650-with-mask.jpg
000651.jpg,img000651.jpg,img000651-with-mask.jpg
000652.jpg,img000652.jpg,img000652-with-mask.jpg
000653.jpg,img000653.jpg,img000653-with-mask.jpg
000654.jpg,img000654.jpg,img000654-with-mask.jpg
000655.jpg,img000655.jpg,img000655-with-mask.jpg
000656.jpg,img000656.jpg,img000656-with-mask.jpg
000657.jpg,img000657.jpg,img000657-with-mask.jpg
000658.jpg,img000658.jpg,img000658-with-mask.jpg
000659.jpg,img000659.jpg,img000659-with-mask.jpg
000660.jpg,img000660.jpg,img000660-with-mask.jpg
000661.jpg,img000661.jpg,img000661-with-mask.jpg
000662.jpg,img000662.jpg,img000662-with-mask.jpg
000663.jpg,img000663.jpg,img000663-with-mask.jpg
000664.jpg,img000664.jpg,img000664-with-mask.jpg
000665.jpg,img000665.jpg,img000665-with-mask.jpg
000666.jpg,img000666.jpg,img000666-with-mask.jpg
000667.jpg,img000667.jpg,img000667-with-mask.jpg
000668.jpg,img000668.jpg,img000668-with-mask.jpg
000669.jpg,img000669.jpg,img000669-with-mask.jpg
000670.jpg,img000670.jpg,img000670-with-mask.jpg
000671.jpg,img000671.jpg,img000671-with-mask.jpg
000672.jpg,img000672.jpg,img000672-with-mask.jpg
000673.jpg,img000673.jpg,img000673-with-mask.jpg
000674.jpg,img000674.jpg,img000674-with-mask.jpg
000675.jpg,img000675.jpg,img000675-with-mask.jpg
000676.jpg,img000676.jpg,img000676-with-mask.jpg
000677.jpg,img000677.jpg,img000677-with-mask.jpg
000678.jpg,img000678.jpg,img000678-with-mask.jpg
000679.jpg,img000679.jpg,img000679-with-mask.jpg
000680.jpg,img000680.jpg,img000680-with-mask.jpg
000681.jpg,img000681.jpg,img000681-with-mask.jpg
000682.jpg,img000682.jpg,img000682-with-mask.jpg
000683.jpg,img000683.jpg,img000683-with-mask.jpg
000684.jpg,img000684.jpg,img000684-with-mask.jpg
000685.jpg,img000685.jpg,img000685-with-mask.jpg
000686.jpg,img000686.jpg,img000686-with-mask.jpg
000687.jpg,img000687.jpg,img000687-with-mask.jpg
000688.jpg,img000688.jpg,img000688-with-mask.jpg
000689.jpg,img000689.jpg,img000689-with-mask.jpg
000690.jpg,img000690.jpg,img000690-with-mask.jpg
000691.jpg,img000691.jpg,img000691-with-mask.jpg
000692.jpg,img000692.jpg,img000692-with-mask.jpg
000693.jpg,img000693.jpg,img000693-with-mask.jpg
000694.jpg,img000694.jpg,img000694-with-mask.jpg
000695.jpg,img000695.jpg,img000695-with-mask.jpg
000696.jpg,img000696.jpg,img000696-with-mask.jpg
000697.jpg,img000697.jpg,img000697-with-mask.jpg
000698.jpg,img000698.jpg,img000698-with-mask.jpg
000699.jpg,img000699.jpg,img000699-with-mask.jpg
000700.jpg,img000700.jpg,img000700-with-mask.jpg
000701.jpg,img000701.jpg,img000701-with-mask.jpg
000702.jpg,img000702.jpg,img000702-with-mask.jpg
000703.jpg,img000703.jpg,img000703-with-mask.jpg
000704.jpg,img000704.jpg,img000704-with-mask.jpg
000705.jpg,img000705.jpg,img000705-with-mask.jpg
000706.jpg,img000706.jpg,img000706-with-mask.jpg
000707.jpg,img000707.jpg,img000707-with-mask.jpg
000708.jpg,img000708.jpg,img000708-with-mask.jpg
000709.jpg,img000709.jpg,img000709-with-mask.jpg
000710.jpg,img000710.jpg,img000710-with-mask.jpg
000711.jpg,img000711.jpg,img000711-with-mask.jpg
000712.jpg,img000712.jpg,img000712-with-mask.jpg
000713.jpg,img000713.jpg,img000713-with-mask.jpg
000714.jpg,img000714.jpg,img000714-with-mask.jpg
000715.jpg,img000715.jpg,img000715-with-mask.jpg
000716.jpg,img000716.jpg,img000716-with-mask.jpg
000717.jpg,img000717.jpg,img000717-with-mask.jpg
000718.jpg,img000718.jpg,img000718-with-mask.jpg
000719.jpg,img000719.jpg,img000719-with-mask.jpg
000720.jpg,img000720.jpg,img000720-with-mask.jpg
000721.jpg,img000721.jpg,img000721-with-mask.jpg
000722.jpg,img000722.jpg,img000722-with-mask.jpg
000723.jpg,img000723.jpg,img000723-with-mask.jpg
000724.jpg,img000724.jpg,img000724-with-mask.jpg
000725.jpg,img000725.jpg,img000725-with-mask.jpg
000726.jpg,img000726.jpg,img000726-with-mask.jpg
000727.jpg,img000727.jpg,img000727-with-mask.jpg
000728.jpg,img000728.jpg,img000728-with-mask.jpg
000729.jpg,img000729.jpg,img000729-with-mask.jpg
000730.jpg,img000730.jpg,img000730-with-mask.jpg
000731.jpg,img000731.jpg,img000731-with-mask.jpg
000732.jpg,img000732.jpg,img000732-with-mask.jpg
000733.jpg,img000733.jpg,img000733-with-mask.jpg
000734.jpg,img000734.jpg,img000734-with-mask.jpg
000735.jpg,img000735.jpg,img000735-with-mask.jpg
000736.jpg,img000736.jpg,img000736-with-mask.jpg
000737.jpg,img000737.jpg,img000737-with-mask.jpg
000738.jpg,img000738.jpg,img000738-with-mask.jpg
000739.jpg,img000739.jpg,img000739-with-mask.jpg
000740.jpg,img000740.jpg,img000740-with-mask.jpg
000741.jpg,img000741.jpg,img000741-with-mask.jpg
000742.jpg,img000742.jpg,img000742-with-mask.jpg
000743.jpg,img000743.jpg,img000743-with-mask.jpg
000744.jpg,img000744.jpg,img000744-with-mask.jpg
000745.jpg,img000745.jpg,img000745-with-mask.jpg
000746.jpg,img000746.jpg,img000746-with-mask.jpg
000747.jpg,img000747.jpg,img000747-with-mask.jpg
000748.jpg,img000748.jpg,img000748-with-mask.jpg
000749.jpg,img000749.jpg,img000749-with-mask.jpg
000750.jpg,img000750.jpg,img000750-with-mask.jpg
000751.jpg,img000751.jpg,img000751-with-mask.jpg
000752.jpg,img000752.jpg,img000752-with-mask.jpg
000753.jpg,img000753.jpg,img000753-with-mask.jpg
000754.jpg,img000754.jpg,img000754-with-mask.jpg
000755.jpg,img000755.jpg,img000755-with-mask.jpg
000756.jpg,img000756.jpg,img000756-with-mask.jpg
000757.jpg,img000757.jpg,img000757-with-mask.jpg
000758.jpg,img000758.jpg,img000758-with-mask.jpg
000759.jpg,img000759.jpg,img000759-with-mask.jpg
000760.jpg,img000760.jpg,img000760-with-mask.jpg
000761.jpg,img000761.jpg,img000761-with-mask.jpg
000762.jpg,img000762.jpg,img000762-with-mask.jpg
000763.jpg,img000763.jpg,img000763-with-mask.jpg
000764.jpg,img000764.jpg,img000764-with-mask.jpg
000765.jpg,img000765.jpg,img000765-with-mask.jpg
000766.jpg,img000766.jpg,img000766-with-mask.jpg
000767.jpg,img000767.jpg,img000767-with-mask.jpg
000768.jpg,img000768.jpg,img000768-with-mask.jpg
000769.jpg,img000769.jpg,img000769-with-mask.jpg
000770.jpg,img000770.jpg,img000770-with-mask.jpg
000771.jpg,img000771.jpg,img000771-with-mask.jpg
000772.jpg,img000772.jpg,img000772-with-mask.jpg
000773.jpg,img000773.jpg,img000773-with-mask.jpg
000774.jpg,img000774.jpg,img000774-with-mask.jpg
000775.jpg,img000775.jpg,img000775-with-mask.jpg
000776.jpg,img000776.jpg,img000776-with-mask.jpg
000777.jpg,img000777.jpg,img000777-with-mask.jpg
000778.jpg,img000778.jpg,img000778-with-mask.jpg
000779.jpg,img000779.jpg,img000779-with-mask.jpg
000780.jpg,img000780.jpg,img000780-with-mask.jpg
000781.jpg,img000781.jpg,img000781-with-mask.jpg
000782.jpg,img000782.jpg,img000782-with-mask.jpg
000783.jpg,img000783.jpg,img000783-with-mask.jpg
000784.jpg,img000784.jpg,img000784-with-mask.jpg
000785.jpg,img000785.jpg,img000785-with-mask.jpg
000786.jpg,img000786.jpg,img000786-with-mask.jpg
000787.jpg,img000787.jpg,img000787-with-mask.jpg
000788.jpg,img000788.jpg,img000788-with-mask.jpg
000789.jpg,img000789.jpg,img000789-with-mask.jpg
000790.jpg,img000790.jpg,img000790-with-mask.jpg
000791.jpg,img000791.jpg,img000791-with-mask.jpg
000792.jpg,img000792.jpg,img000792-with-mask.jpg
000793.jpg,img000793.jpg,img000793-with-mask.jpg
000794.jpg,img000794.jpg,img000794-with-mask.jpg
000795.jpg,img000795.jpg,img000795-with-mask.jpg
000796.jpg,img000796.jpg,img000796-with-mask.jpg
000797.jpg,img000797.jpg,img000797-with-mask.jpg
000798.jpg,img000798.jpg,img000798-with-mask.jpg
000799.jpg,img000799.jpg,img000799-with-mask.jpg
000800.jpg,img000800.jpg,img000800-with-mask.jpg
000801.jpg,img000801.jpg,img000801-with-mask.jpg
000802.jpg,img000802.jpg,img000802-with-mask.jpg
000803.jpg,img000803.jpg,img000803-with-mask.jpg
000804.jpg,img000804.jpg,img000804-with-mask.jpg
000805.jpg,img000805.jpg,img000805-with-mask.jpg
000806.jpg,img000806.jpg,img000806-with-mask.jpg
000807.jpg,img000807.jpg,
000808.jpg,img000808.jpg,img000808-with-mask.jpg
000809.jpg,img000809.jpg,img000809-with-mask.jpg
000810.jpg,img000810.jpg,img000810-with-mask.jpg
000811.jpg,img000811.jpg,img000811-with-mask.jpg
000812.jpg,img000812.jpg,img000812-with-mask.jpg
000813.jpg,img000813.jpg,img000813-with-mask.jpg
000814.jpg,img000814.jpg,img000814-with-mask.jpg
000815.jpg,img000815.jpg,img000815-with-mask.jpg
000816.jpg,img000816.jpg,img000816-with-mask.jpg
000817.jpg,img000817.jpg,img000817-with-mask.jpg
000818.jpg,img000818.jpg,img000818-with-mask.jpg
000819.jpg,img000819.jpg,img000819-with-mask.jpg
000820.jpg,img000820.jpg,img000820-with-mask.jpg
000821.jpg,img000821.jpg,img000821-with-mask.jpg
000822.jpg,img000822.jpg,img000822-with-mask.jpg
000823.jpg,img000823.jpg,img000823-with-mask.jpg
000824.jpg,img000824.jpg,img000824-with-mask.jpg
000825.jpg,img000825.jpg,img000825-with-mask.jpg
000826.jpg,img000826.jpg,img000826-with-mask.jpg
000827.jpg,img000827.jpg,img000827-with-mask.jpg
000828.jpg,img000828.jpg,img000828-with-mask.jpg
000829.jpg,img000829.jpg,img000829-with-mask.jpg
000830.jpg,img000830.jpg,img000830-with-mask.jpg
000831.jpg,img000831.jpg,img000831-with-mask.jpg
000832.jpg,img000832.jpg,img000832-with-mask.jpg
000833.jpg,img000833.jpg,img000833-with-mask.jpg
000834.jpg,img000834.jpg,img000834-with-mask.jpg
000835.jpg,img000835.jpg,img000835-with-mask.jpg
000836.jpg,img000836.jpg,img000836-with-mask.jpg
000837.jpg,img000837.jpg,img000837-with-mask.jpg
000838.jpg,img000838.jpg,img000838-with-mask.jpg
000839.jpg,img000839.jpg,img000839-with-mask.jpg
000840.jpg,img000840.jpg,img000840-with-mask.jpg
000841.jpg,img000841.jpg,img000841-with-mask.jpg
000842.jpg,img000842.jpg,img000842-with-mask.jpg
000843.jpg,img000843.jpg,img000843-with-mask.jpg
000844.jpg,img000844.jpg,img000844-with-mask.jpg
000845.jpg,img000845.jpg,img000845-with-mask.jpg
000846.jpg,img000846.jpg,img000846-with-mask.jpg
000847.jpg,img000847.jpg,img000847-with-mask.jpg
000848.jpg,img000848.jpg,img000848-with-mask.jpg
000849.jpg,img000849.jpg,img000849-with-mask.jpg
000850.jpg,img000850.jpg,img000850-with-mask.jpg
000851.jpg,img000851.jpg,img000851-with-mask.jpg
000852.jpg,img000852.jpg,img000852-with-mask.jpg
000853.jpg,img000853.jpg,img000853-with-mask.jpg
000854.jpg,img000854.jpg,img000854-with-mask.jpg
000855.jpg,img000855.jpg,img000855-with-mask.jpg
000856.jpg,img000856.jpg,img000856-with-mask.jpg
000857.jpg,img000857.jpg,img000857-with-mask.jpg
000858.jpg,img000858.jpg,img000858-with-mask.jpg
000859.jpg,img000859.jpg,img000859-with-mask.jpg
000860.jpg,img000860.jpg,img000860-with-mask.jpg
000861.jpg,img000861.jpg,img000861-with-mask.jpg
000862.jpg,img000862.jpg,img000862-with-mask.jpg
000863.jpg,img000863.jpg,img000863-with-mask.jpg
000864.jpg,img000864.jpg,img000864-with-mask.jpg
000865.jpg,img000865.jpg,img000865-with-mask.jpg
000866.jpg,img000866.jpg,img000866-with-mask.jpg
000867.jpg,img000867.jpg,img000867-with-mask.jpg
000868.jpg,img000868.jpg,img000868-with-mask.jpg
000869.jpg,img000869.jpg,img000869-with-mask.jpg
000870.jpg,img000870.jpg,img000870-with-mask.jpg
000871.jpg,img000871.jpg,img000871-with-mask.jpg
000872.jpg,img000872.jpg,img000872-with-mask.jpg
000873.jpg,img000873.jpg,img000873-with-mask.jpg
000874.jpg,img000874.jpg,img000874-with-mask.jpg
000875.jpg,img000875.jpg,img000875-with-mask.jpg
000876.jpg,img000876.jpg,img000876-with-mask.jpg
000877.jpg,img000877.jpg,img000877-with-mask.jpg
000878.jpg,img000878.jpg,img000878-with-mask.jpg
000879.jpg,img000879.jpg,img000879-with-mask.jpg
000880.jpg,img000880.jpg,img000880-with-mask.jpg
000881.jpg,img000881.jpg,
000882.jpg,img000882.jpg,
000883.jpg,img000883.jpg,img000883-with-mask.jpg
000884.jpg,img000884.jpg,img000884-with-mask.jpg
000885.jpg,img000885.jpg,img000885-with-mask.jpg
000886.jpg,img000886.jpg,img000886-with-mask.jpg
000887.jpg,img000887.jpg,img000887-with-mask.jpg
000888.jpg,img000888.jpg,
000889.jpg,img000889.jpg,img000889-with-mask.jpg
000890.jpg,img000890.jpg,img000890-with-mask.jpg
000891.jpg,img000891.jpg,img000891-with-mask.jpg
000892.jpg,img000892.jpg,img000892-with-mask.jpg
000893.jpg,img000893.jpg,img000893-with-mask.jpg
000894.jpg,img000894.jpg,img000894-with-mask.jpg
000895.jpg,img000895.jpg,img000895-with-mask.jpg
000896.jpg,img000896.jpg,img000896-with-mask.jpg
000897.jpg,img000897.jpg,img000897-with-mask.jpg
000898.jpg,img000898.jpg,img000898-with-mask.jpg
000899.jpg,img000899.jpg,img000899-with-mask.jpg
000900.jpg,img000900.jpg,img000900-with-mask.jpg
000901.jpg,img000901.jpg,img000901-with-mask.jpg
000902.jpg,img000902.jpg,img000902-with-mask.jpg
000903.jpg,img000903.jpg,img000903-with-mask.jpg
000904.jpg,img000904.jpg,img000904-with-mask.jpg
000905.jpg,img000905.jpg,img000905-with-mask.jpg
000906.jpg,img000906.jpg,img000906-with-mask.jpg
000907.jpg,img000907.jpg,img000907-with-mask.jpg
000908.jpg,img000908.jpg,img000908-with-mask.jpg
000909.jpg,img000909.jpg,img000909-with-mask.jpg
000910.jpg,img000910.jpg,img000910-with-mask.jpg
000911.jpg,img000911.jpg,img000911-with-mask.jpg
000912.jpg,img000912.jpg,img000912-with-mask.jpg
000913.jpg,img000913.jpg,img000913-with-mask.jpg
000914.jpg,img000914.jpg,img000914-with-mask.jpg
000915.jpg,img000915.jpg,img000915-with-mask.jpg
000916.jpg,img000916.jpg,img000916-with-mask.jpg
000917.jpg,img000917.jpg,img000917-with-mask.jpg
000918.jpg,img000918.jpg,img000918-with-mask.jpg
000919.jpg,img000919.jpg,img000919-with-mask.jpg
000920.jpg,img000920.jpg,img000920-with-mask.jpg
000921.jpg,img000921.jpg,img000921-with-mask.jpg
000922.jpg,img000922.jpg,img000922-with-mask.jpg
000923.jpg,img000923.jpg,img000923-with-mask.jpg
000924.jpg,img000924.jpg,img000924-with-mask.jpg
000925.jpg,img000925.jpg,img000925-with-mask.jpg
000926.jpg,img000926.jpg,img000926-with-mask.jpg
000927.jpg,img000927.jpg,img000927-with-mask.jpg
000928.jpg,img000928.jpg,img000928-with-mask.jpg
000929.jpg,img000929.jpg,img000929-with-mask.jpg
000930.jpg,img000930.jpg,img000930-with-mask.jpg
000931.jpg,img000931.jpg,img000931-with-mask.jpg
000932.jpg,img000932.jpg,img000932-with-mask.jpg
000933.jpg,img000933.jpg,img000933-with-mask.jpg
000934.jpg,img000934.jpg,img000934-with-mask.jpg
000935.jpg,img000935.jpg,img000935-with-mask.jpg
000936.jpg,img000936.jpg,img000936-with-mask.jpg
000937.jpg,img000937.jpg,img000937-with-mask.jpg
000938.jpg,img000938.jpg,img000938-with-mask.jpg
000939.jpg,img000939.jpg,img000939-with-mask.jpg
000940.jpg,img000940.jpg,img000940-with-mask.jpg
000941.jpg,img000941.jpg,img000941-with-mask.jpg
000942.jpg,img000942.jpg,img000942-with-mask.jpg
000943.jpg,img000943.jpg,img000943-with-mask.jpg
000944.jpg,img000944.jpg,img000944-with-mask.jpg
000945.jpg,img000945.jpg,img000945-with-mask.jpg
000946.jpg,img000946.jpg,img000946-with-mask.jpg
000947.jpg,img000947.jpg,img000947-with-mask.jpg
000948.jpg,img000948.jpg,img000948-with-mask.jpg
000949.jpg,img000949.jpg,
000950.jpg,img000950.jpg,img000950-with-mask.jpg
000951.jpg,img000951.jpg,img000951-with-mask.jpg
000952.jpg,img000952.jpg,img000952-with-mask.jpg
000953.jpg,img000953.jpg,img000953-with-mask.jpg
000954.jpg,img000954.jpg,img000954-with-mask.jpg
000955.jpg,img000955.jpg,img000955-with-mask.jpg
000956.jpg,img000956.jpg,img000956-with-mask.jpg
000957.jpg,img000957.jpg,img000957-with-mask.jpg
000958.jpg,img000958.jpg,img000958-with-mask.jpg
000959.jpg,img000959.jpg,img000959-with-mask.jpg
000960.jpg,img000960.jpg,img000960-with-mask.jpg
000961.jpg,img000961.jpg,img000961-with-mask.jpg
000962.jpg,img000962.jpg,img000962-with-mask.jpg
000963.jpg,img000963.jpg,img000963-with-mask.jpg
000964.jpg,img000964.jpg,img000964-with-mask.jpg
000965.jpg,img000965.jpg,img000965-with-mask.jpg
000966.jpg,img000966.jpg,img000966-with-mask.jpg
000967.jpg,img000967.jpg,img000967-with-mask.jpg
000968.jpg,img000968.jpg,img000968-with-mask.jpg
000969.jpg,img000969.jpg,img000969-with-mask.jpg
000970.jpg,img000970.jpg,img000970-with-mask.jpg
000971.jpg,img000971.jpg,img000971-with-mask.jpg
000972.jpg,img000972.jpg,img000972-with-mask.jpg
000973.jpg,img000973.jpg,img000973-with-mask.jpg
000974.jpg,img000974.jpg,img000974-with-mask.jpg
000975.jpg,img000975.jpg,img000975-with-mask.jpg
000976.jpg,img000976.jpg,img000976-with-mask.jpg
000977.jpg,img000977.jpg,img000977-with-mask.jpg
000978.jpg,img000978.jpg,img000978-with-mask.jpg
000979.jpg,img000979.jpg,img000979-with-mask.jpg
000980.jpg,img000980.jpg,img000980-with-mask.jpg
000981.jpg,img000981.jpg,img000981-with-mask.jpg
000982.jpg,img000982.jpg,img000982-with-mask.jpg
000983.jpg,img000983.jpg,img000983-with-mask.jpg
000984.jpg,img000984.jpg,img000984-with-mask.jpg
000985.jpg,img000985.jpg,img000985-with-mask.jpg
000986.jpg,img000986.jpg,img000986-with-mask.jpg
000987.jpg,img000987.jpg,img000987-with-mask.jpg
000988.jpg,img000988.jpg,img000988-with-mask.jpg
000989.jpg,img000989.jpg,img000989-with-mask.jpg
000990.jpg,img000990.jpg,img000990-with-mask.jpg
000991.jpg,img000991.jpg,img000991-with-mask.jpg
000992.jpg,img000992.jpg,img000992-with-mask.jpg
000993.jpg,img000993.jpg,img000993-with-mask.jpg
000994.jpg,img000994.jpg,img000994-with-mask.jpg
000995.jpg,img000995.jpg,img000995-with-mask.jpg
000996.jpg,img000996.jpg,img000996-with-mask.jpg
000997.jpg,img000997.jpg,img000997-with-mask.jpg
000998.jpg,img000998.jpg,img000998-with-mask.jpg
000999.jpg,img000999.jpg,img000999-with-mask.jpg
001000.jpg,img001000.jpg,img001000-with-mask.jpg
